{
    "components": [
        {
            "cachedName": "LWJGL 2",
            "cachedVersion": "2.9.4-nightly-20150209",
            "cachedVolatile": true,
            "dependencyOnly": true,
            "uid": "org.lwjgl",
            "version": "2.9.4-nightly-20150209"
        },
        {
            "cachedName": "Minecraft",
            "cachedRequires": [
                {
                    "suggests": "2.9.4-nightly-20150209",
                    "uid": "org.lwjgl"
                }
            ],
            "cachedVersion": "a1.2.6",
            "important": true,
            "uid": "net.minecraft",
            "version": "a1.2.6"
        },
        {
            "cachedName": "Alpha 1.2.6_10 (jar mod)",
            "uid": "org.multimc.jarmod.f681f5c5-ad73-4f7b-90ec-aded8e5b9413"
        },
        {
            "cachedName": "json (jar mod)",
            "uid": "org.multimc.jarmod.2becde97-534a-4149-af42-d06d449e55fc"
        }
    ],
    "formatVersion": 1
}
